,comp_produced_prod_mean,price_produced_prod_mean,prod_sp_val_dist,output_all_prdcts,price_produced_prod_std,delta_coefficient,share_produced_products,prod_sp_val_alct,prod_space_struc,max_info
0,2.6292893740024823,164.47736985971957,"normal_[0, 1]",937.5,95.25604162377195,100,0.21,degree_centrality,powerlaw_cluster_4_0.7,0.01
1,3.1970873918765026,172.75758087099004,"normal_[0, 1]",1018.0,87.35628682487047,100,0.22,degree_centrality,powerlaw_cluster_4_0.7,0.01
2,3.646719923607253,174.1477440667635,"normal_[0, 1]",352.0,125.64158487230611,100,0.08,degree_centrality,powerlaw_cluster_4_0.7,0.01
3,2.5425171191726847,166.28344963651037,"normal_[0, 1]",386.0,123.64526344269936,100,0.1,degree_centrality,powerlaw_cluster_4_0.7,0.01
4,3.2233475011194423,203.20936182965218,"normal_[0, 1]",1716.0,92.8580431181645,100,0.38,degree_centrality,powerlaw_cluster_4_0.7,0.01
5,3.045211941347643,176.82705598005757,"normal_[0, 1]",921.0,101.89743063400915,100,0.2,degree_centrality,powerlaw_cluster_4_0.7,0.01
6,3.5964139357344087,217.42328126114884,"normal_[0, 1]",1099.0,106.9169638669678,100,0.24,degree_centrality,powerlaw_cluster_4_0.7,0.01
7,3.6821539924578817,185.57407819549684,"normal_[0, 1]",384.0,137.03204744177546,100,0.09,degree_centrality,powerlaw_cluster_4_0.7,0.01
8,2.7059505285555012,175.89903465918655,"normal_[0, 1]",1227.5,101.33208118138464,100,0.27,degree_centrality,powerlaw_cluster_4_0.7,0.01
9,3.216676904487737,194.1731511257454,"normal_[0, 1]",741.0,121.2772809274843,100,0.17,degree_centrality,powerlaw_cluster_4_0.7,0.01
10,3.6316625668067695,182.073498515918,"normal_[0, 1]",526.0,85.11860662306069,100,0.12,degree_centrality,powerlaw_cluster_4_0.7,0.01
11,2.4110304280924986,151.5841185803339,"normal_[0, 1]",783.0,121.16903679249424,100,0.18,degree_centrality,powerlaw_cluster_4_0.7,0.01
12,2.9728363265162763,199.34582029218797,"normal_[0, 1]",1282.5,105.18426524064148,100,0.29,degree_centrality,powerlaw_cluster_4_0.7,0.01
13,4.312555138431766,243.87142388347527,"normal_[0, 1]",314.0,128.5849035490662,100,0.08,degree_centrality,powerlaw_cluster_4_0.7,0.01
14,2.9915067930153665,178.90239924861183,"normal_[0, 1]",1158.0,126.49158597327124,100,0.25,degree_centrality,powerlaw_cluster_4_0.7,0.01
15,3.157207778409083,200.59809987339085,"normal_[0, 1]",388.5,114.81875042771719,100,0.1,degree_centrality,powerlaw_cluster_4_0.7,0.01
16,2.8365145447348388,147.3211306123634,"normal_[0, 1]",822.5,89.0962354734422,100,0.17,degree_centrality,powerlaw_cluster_4_0.7,0.01
17,2.5741118884566427,136.06168292378277,"normal_[0, 1]",1253.5,68.37726975000932,100,0.27,degree_centrality,powerlaw_cluster_4_0.7,0.01
18,2.4327486109850733,140.30714284227443,"normal_[0, 1]",1142.0,104.10112611440569,100,0.24,degree_centrality,powerlaw_cluster_4_0.7,0.01
19,2.4057809027405503,132.9159565770415,"normal_[0, 1]",591.5,96.71741752183917,100,0.13,degree_centrality,powerlaw_cluster_4_0.7,0.01
20,3.6402075013424655,218.96452532564652,"normal_[0, 1]",176.0,172.40878358858433,100,0.05,degree_centrality,powerlaw_cluster_4_0.7,0.01
21,2.9015106687594803,153.8482997668189,"normal_[0, 1]",770.0,81.51755393650795,100,0.17,degree_centrality,powerlaw_cluster_4_0.7,0.01
22,2.76435859123242,147.08060291596558,"normal_[0, 1]",902.0,100.35597798005944,100,0.19,degree_centrality,powerlaw_cluster_4_0.7,0.01
23,3.225653596970389,184.71018216566208,"normal_[0, 1]",884.5,110.98202185719705,100,0.19,degree_centrality,powerlaw_cluster_4_0.7,0.01
24,2.3562670642394177,114.38254925348578,"normal_[0, 1]",1290.0,61.74042991107749,100,0.27,degree_centrality,powerlaw_cluster_4_0.7,0.01
25,2.5557347705612816,132.20120228371044,"normal_[0, 1]",610.5,114.19472997917885,100,0.13,degree_centrality,powerlaw_cluster_4_0.7,0.01
26,2.7646334925061766,157.45479564560196,"normal_[0, 1]",741.0,97.4877194674164,100,0.17,degree_centrality,powerlaw_cluster_4_0.7,0.01
27,2.0277247829702465,123.34319092825001,"normal_[0, 1]",1018.0,56.502485565320384,100,0.24,degree_centrality,powerlaw_cluster_4_0.7,0.01
28,3.7707085943684993,243.48502114967084,"normal_[0, 1]",641.0,166.32300070469273,100,0.15,degree_centrality,powerlaw_cluster_4_0.7,0.01
29,3.3006076182868145,186.34239626125094,"normal_[0, 1]",475.5,95.53207827765637,100,0.11,degree_centrality,powerlaw_cluster_4_0.7,0.01
30,3.2540357205216397,156.47787347292885,"normal_[0, 1]",563.5,107.33597425684245,100,0.12,degree_centrality,powerlaw_cluster_4_0.7,0.01
31,3.087914026911236,209.19125245046618,"normal_[0, 1]",800.5,120.49453377503805,100,0.19,degree_centrality,powerlaw_cluster_4_0.7,0.01
32,1.978966319334475,106.34228739506386,"normal_[0, 1]",1561.5,62.21045529640231,100,0.33,degree_centrality,powerlaw_cluster_4_0.7,0.01
33,3.084556684649216,214.07342150887126,"normal_[0, 1]",679.5,103.20521705686328,100,0.16,degree_centrality,powerlaw_cluster_4_0.7,0.01
34,3.626161766891467,218.0199676930324,"normal_[0, 1]",849.5,138.65886610960035,100,0.18,degree_centrality,powerlaw_cluster_4_0.7,0.01
35,2.8721585665953016,142.73661505162517,"normal_[0, 1]",1288.0,77.18130616914084,100,0.27,degree_centrality,powerlaw_cluster_4_0.7,0.01
36,3.0641395414815125,187.5660870355365,"normal_[0, 1]",824.5,97.42548957479107,100,0.18,degree_centrality,powerlaw_cluster_4_0.7,0.01
37,2.4953867495076216,143.38199297430236,"normal_[0, 1]",927.0,95.89857523900707,100,0.2,degree_centrality,powerlaw_cluster_4_0.7,0.01
38,3.78805545288249,262.95137015979196,"normal_[0, 1]",249.5,160.45171950298322,100,0.07,degree_centrality,powerlaw_cluster_4_0.7,0.01
39,2.920566384584512,160.4260530309694,"normal_[0, 1]",1342.5,90.1442627050475,100,0.28,degree_centrality,powerlaw_cluster_4_0.7,0.01
40,2.9514014909889514,182.7046676648141,"normal_[0, 1]",1221.0,92.1473466921361,100,0.28,degree_centrality,powerlaw_cluster_4_0.7,0.01
41,3.1425700756959536,159.4785174330994,"normal_[0, 1]",739.5,86.26709711431046,100,0.16,degree_centrality,powerlaw_cluster_4_0.7,0.01
42,3.2848106087245044,217.66251954368903,"normal_[0, 1]",755.5,123.54282575446028,100,0.18,degree_centrality,powerlaw_cluster_4_0.7,0.01
43,2.3738414347389734,144.16279745343112,"normal_[0, 1]",673.5,139.69749482670903,100,0.14,degree_centrality,powerlaw_cluster_4_0.7,0.01
44,4.224251281195987,4.446580295995775,"normal_[0, 1]",1.0,0.0,100,0.01,degree_centrality,powerlaw_cluster_4_0.7,0.01
45,3.06806000648831,187.95796372779992,"normal_[0, 1]",870.5,106.29023252816827,100,0.2,degree_centrality,powerlaw_cluster_4_0.7,0.01
46,2.357646427061876,134.97046274046448,"normal_[0, 1]",1086.0,81.79930302143245,100,0.24,degree_centrality,powerlaw_cluster_4_0.7,0.01
47,3.095048237635166,169.75233965690353,"normal_[0, 1]",1061.5,94.51083258310676,100,0.23,degree_centrality,powerlaw_cluster_4_0.7,0.01
48,3.7876768799407117,244.47008422263562,"normal_[0, 1]",857.5,108.43857433707376,100,0.19,degree_centrality,powerlaw_cluster_4_0.7,0.01
49,2.13734900394427,104.97551555627804,"normal_[0, 1]",648.0,85.96402971697525,100,0.13,degree_centrality,powerlaw_cluster_4_0.7,0.01
50,4.445503393352314,130.45033383832137,"normal_[0, 1]",771.0,104.38347150400612,100,0.14,degree_centrality,powerlaw_cluster_4_0.7,0.1
51,4.155497915995192,138.12206625319237,"normal_[0, 1]",540.0,129.02280096418593,100,0.1,degree_centrality,powerlaw_cluster_4_0.7,0.1
52,3.4836511729381376,166.57038776719773,"normal_[0, 1]",497.0,145.78290028313532,100,0.1,degree_centrality,powerlaw_cluster_4_0.7,0.1
53,5.175443684519617,252.45250824854548,"normal_[0, 1]",433.0,216.8144560820944,100,0.09,degree_centrality,powerlaw_cluster_4_0.7,0.1
54,4.060202104726549,127.00805455790936,"normal_[0, 1]",426.0,139.77928778307805,100,0.08,degree_centrality,powerlaw_cluster_4_0.7,0.1
55,3.812948195772916,127.55389964332672,"normal_[0, 1]",368.5,119.74609271139141,100,0.07,degree_centrality,powerlaw_cluster_4_0.7,0.1
56,4.208871712024508,155.57702838933747,"normal_[0, 1]",342.0,186.1143936900818,100,0.06,degree_centrality,powerlaw_cluster_4_0.7,0.1
57,3.6126406896316414,216.92501840959375,"normal_[0, 1]",771.0,137.84465936309437,100,0.16,degree_centrality,powerlaw_cluster_4_0.7,0.1
58,3.2164759264617766,39.15873433065134,"normal_[0, 1]",486.0,35.517516682008264,100,0.08,degree_centrality,powerlaw_cluster_4_0.7,0.1
59,3.3203462253292213,158.65962758196844,"normal_[0, 1]",434.5,118.82712116395359,100,0.09,degree_centrality,powerlaw_cluster_4_0.7,0.1
60,4.141865536706847,169.09514253527306,"normal_[0, 1]",414.0,128.77240032838122,100,0.08,degree_centrality,powerlaw_cluster_4_0.7,0.1
61,3.8910813812704617,155.73813649651126,"normal_[0, 1]",508.5,149.5218384840417,100,0.1,degree_centrality,powerlaw_cluster_4_0.7,0.1
62,2.9327315346654332,134.40034358345991,"normal_[0, 1]",620.0,144.4230528724403,100,0.12,degree_centrality,powerlaw_cluster_4_0.7,0.1
63,4.47428555867309,246.30927110386588,"normal_[0, 1]",629.0,174.31588904842786,100,0.13,degree_centrality,powerlaw_cluster_4_0.7,0.1
64,3.5558563652623336,160.34826469854445,"normal_[0, 1]",721.5,121.26868767063856,100,0.14,degree_centrality,powerlaw_cluster_4_0.7,0.1
65,4.7115346155190805,136.90508953755062,"normal_[0, 1]",569.5,126.16428723683315,100,0.1,degree_centrality,powerlaw_cluster_4_0.7,0.1
66,4.351174046904366,133.84139389215582,"normal_[0, 1]",380.0,158.44589460380416,100,0.07,degree_centrality,powerlaw_cluster_4_0.7,0.1
67,3.718916210349536,147.23966266985374,"normal_[0, 1]",317.0,157.2169631138897,100,0.06,degree_centrality,powerlaw_cluster_4_0.7,0.1
68,3.1599284263183978,136.58429727123885,"normal_[0, 1]",392.5,106.99792898976759,100,0.08,degree_centrality,powerlaw_cluster_4_0.7,0.1
69,5.460654933452594,239.4012921644421,"normal_[0, 1]",574.5,193.65600803376168,100,0.11,degree_centrality,powerlaw_cluster_4_0.7,0.1
70,3.887807804689309,212.38120233801132,"normal_[0, 1]",456.0,179.154572664803,100,0.09,degree_centrality,powerlaw_cluster_4_0.7,0.1
71,4.406426349238472,130.83452710008834,"normal_[0, 1]",438.5,133.64239107810317,100,0.08,degree_centrality,powerlaw_cluster_4_0.7,0.1
72,3.8605010091276415,162.3452405481847,"normal_[0, 1]",568.5,140.44466183722,100,0.11,degree_centrality,powerlaw_cluster_4_0.7,0.1
73,2.9366764916283112,158.7610947069424,"normal_[0, 1]",730.5,120.1777860419038,100,0.16,degree_centrality,powerlaw_cluster_4_0.7,0.1
74,4.908379536722733,112.22625658034993,"normal_[0, 1]",406.5,136.99528977341734,100,0.07,degree_centrality,powerlaw_cluster_4_0.7,0.1
75,4.155789513128782,144.61543335051184,"normal_[0, 1]",702.0,109.42134961598974,100,0.13,degree_centrality,powerlaw_cluster_4_0.7,0.1
76,4.217019941564433,95.76189650439692,"normal_[0, 1]",393.5,124.4284912992825,100,0.07,degree_centrality,powerlaw_cluster_4_0.7,0.1
77,3.9367592415122665,129.34959315698748,"normal_[0, 1]",472.5,150.50682517741748,100,0.09,degree_centrality,powerlaw_cluster_4_0.7,0.1
78,3.469588431631441,237.85203036022338,"normal_[0, 1]",443.0,128.65671925040664,100,0.1,degree_centrality,powerlaw_cluster_4_0.7,0.1
79,3.238994804541377,125.99190269397762,"normal_[0, 1]",911.5,112.76160283362722,100,0.17,degree_centrality,powerlaw_cluster_4_0.7,0.1
80,3.6724467585292913,144.56964238579917,"normal_[0, 1]",587.5,139.80452460327157,100,0.11,degree_centrality,powerlaw_cluster_4_0.7,0.1
81,4.337537337478602,156.4693473180271,"normal_[0, 1]",352.0,158.36292788240675,100,0.07,degree_centrality,powerlaw_cluster_4_0.7,0.1
82,4.1517191324912455,203.8345307484092,"normal_[0, 1]",338.5,177.8752285398961,100,0.07,degree_centrality,powerlaw_cluster_4_0.7,0.1
83,5.192327216530012,178.11913481509683,"normal_[0, 1]",521.0,168.08594984407517,100,0.1,degree_centrality,powerlaw_cluster_4_0.7,0.1
84,3.4193492945830744,88.2347682275783,"normal_[0, 1]",412.0,57.827274468059656,100,0.07,degree_centrality,powerlaw_cluster_4_0.7,0.1
85,3.435248455736521,123.77973474309587,"normal_[0, 1]",605.0,117.90567915489497,100,0.11,degree_centrality,powerlaw_cluster_4_0.7,0.1
86,4.390963212997473,174.8099444201088,"normal_[0, 1]",495.0,128.58693391804815,100,0.1,degree_centrality,powerlaw_cluster_4_0.7,0.1
87,3.5467522544847587,133.69660000055927,"normal_[0, 1]",465.0,102.2820285727404,100,0.09,degree_centrality,powerlaw_cluster_4_0.7,0.1
88,3.7356396831826033,79.52519441761858,"normal_[0, 1]",723.0,62.19534442416254,100,0.12,degree_centrality,powerlaw_cluster_4_0.7,0.1
89,3.2081286543054213,140.26720232090003,"normal_[0, 1]",755.0,95.78602233270216,100,0.15,degree_centrality,powerlaw_cluster_4_0.7,0.1
90,4.847636757625151,157.80234704411453,"normal_[0, 1]",734.5,111.09941359417195,100,0.13,degree_centrality,powerlaw_cluster_4_0.7,0.1
91,4.411457548124439,119.04272915735771,"normal_[0, 1]",476.5,130.33597724436913,100,0.08,degree_centrality,powerlaw_cluster_4_0.7,0.1
92,3.8040565974323504,187.18079362381835,"normal_[0, 1]",552.5,141.94768630539357,100,0.11,degree_centrality,powerlaw_cluster_4_0.7,0.1
93,3.780560934362344,128.94279452902668,"normal_[0, 1]",879.0,95.32688993449464,100,0.16,degree_centrality,powerlaw_cluster_4_0.7,0.1
94,4.226132763934945,172.95498565169197,"normal_[0, 1]",447.0,136.46972181774245,100,0.09,degree_centrality,powerlaw_cluster_4_0.7,0.1
95,4.7307450884957705,148.0042370387034,"normal_[0, 1]",134.5,194.69143261785388,100,0.03,degree_centrality,powerlaw_cluster_4_0.7,0.1
96,4.475757703019377,146.73080601150625,"normal_[0, 1]",598.5,107.48464458525923,100,0.11,degree_centrality,powerlaw_cluster_4_0.7,0.1
97,4.1619468247913085,231.78203691343387,"normal_[0, 1]",336.5,159.13541380462772,100,0.07,degree_centrality,powerlaw_cluster_4_0.7,0.1
98,3.1667971521719984,107.92820237812587,"normal_[0, 1]",440.0,119.60893341121105,100,0.08,degree_centrality,powerlaw_cluster_4_0.7,0.1
99,3.4526659019995067,139.53100625590665,"normal_[0, 1]",711.0,129.9498280425259,100,0.13,degree_centrality,powerlaw_cluster_4_0.7,0.1
100,4.119253564610062,252.96480820232543,"normal_[0, 1]",375.37226749999996,152.26629587635202,100,0.09,degree_centrality,powerlaw_cluster_4_0.7,0.3
101,3.2282394321231256,23.450283156489785,"normal_[0, 1]",334.5,23.373783215977348,100,0.06,degree_centrality,powerlaw_cluster_4_0.7,0.3
102,4.802806724249592,115.23766593785135,"normal_[0, 1]",366.9839923395445,128.81176162488342,100,0.07,degree_centrality,powerlaw_cluster_4_0.7,0.3
103,3.7939533808266233,171.33647449748327,"normal_[0, 1]",329.0,145.84262051459302,100,0.07,degree_centrality,powerlaw_cluster_4_0.7,0.3
104,3.918707116958156,93.44555076093158,"normal_[0, 1]",379.0,72.26031133517773,100,0.07,degree_centrality,powerlaw_cluster_4_0.7,0.3
105,3.1860872093283286,83.06303442693594,"normal_[0, 1]",257.0,137.013075009511,100,0.05,degree_centrality,powerlaw_cluster_4_0.7,0.3
106,3.891119553913621,161.76376259545432,"normal_[0, 1]",498.0,120.953547215596,100,0.1,degree_centrality,powerlaw_cluster_4_0.7,0.3
107,4.517036020960938,224.34126779422581,"normal_[0, 1]",360.5,195.76826332784572,100,0.07,degree_centrality,powerlaw_cluster_4_0.7,0.3
108,3.96081938883614,194.6703164643425,"normal_[0, 1]",278.5,180.92125972754246,100,0.06,degree_centrality,powerlaw_cluster_4_0.7,0.3
109,3.4764658857274484,72.28254877529507,"normal_[0, 1]",357.5,107.13575420770687,100,0.06,degree_centrality,powerlaw_cluster_4_0.7,0.3
110,3.66609316327742,162.46553222212268,"normal_[0, 1]",328.0,146.53258473576892,100,0.07,degree_centrality,powerlaw_cluster_4_0.7,0.3
111,3.7661545861030703,166.0560651246455,"normal_[0, 1]",449.5,168.21914470315372,100,0.1,degree_centrality,powerlaw_cluster_4_0.7,0.3
112,3.788310690526103,133.22331947156462,"normal_[0, 1]",318.5,111.59672939500805,100,0.06,degree_centrality,powerlaw_cluster_4_0.7,0.3
113,3.335951044088496,212.11114281070587,"normal_[0, 1]",1006.0,134.11891854593844,100,0.22,degree_centrality,powerlaw_cluster_4_0.7,0.3
114,3.229249973168661,44.315246944035245,"normal_[0, 1]",344.0,47.57127395884698,100,0.06,degree_centrality,powerlaw_cluster_4_0.7,0.3
115,4.020244867148279,94.58733538749912,"normal_[0, 1]",446.0,74.01972113972064,100,0.08,degree_centrality,powerlaw_cluster_4_0.7,0.3
116,3.934851352246836,14.688270836395047,"normal_[0, 1]",159.0,6.569528553307984,100,0.03,degree_centrality,powerlaw_cluster_4_0.7,0.3
117,4.191076853553593,171.21548854794364,"normal_[0, 1]",315.0,161.6455376776195,100,0.06,degree_centrality,powerlaw_cluster_4_0.7,0.3
118,3.4448402141133054,166.55350453363536,"normal_[0, 1]",501.7092021022538,166.30118299871924,100,0.1,degree_centrality,powerlaw_cluster_4_0.7,0.3
119,4.472506997826796,111.97610617061123,"normal_[0, 1]",395.5,131.60914041258286,100,0.07,degree_centrality,powerlaw_cluster_4_0.7,0.3
120,3.137889378875089,138.07018488115705,"normal_[0, 1]",536.0,120.97521668478778,100,0.11,degree_centrality,powerlaw_cluster_4_0.7,0.3
121,3.738340865351714,140.722219253611,"normal_[0, 1]",227.0,156.164847600679,100,0.05,degree_centrality,powerlaw_cluster_4_0.7,0.3
122,4.743989008265947,173.6451947682401,"normal_[0, 1]",298.5,172.6497556784458,100,0.06,degree_centrality,powerlaw_cluster_4_0.7,0.3
123,4.3212491246605875,85.20591393053185,"normal_[0, 1]",347.0,86.40976211646792,100,0.06,degree_centrality,powerlaw_cluster_4_0.7,0.3
124,3.7732056140858186,147.35175104421768,"normal_[0, 1]",399.0,129.44622425766354,100,0.08,degree_centrality,powerlaw_cluster_4_0.7,0.3
125,2.2536898786762545,117.53402057233015,"normal_[0, 1]",481.0,130.92861765036696,100,0.1,degree_centrality,powerlaw_cluster_4_0.7,0.3
126,4.474760289433688,356.26178591146925,"normal_[0, 1]",300.0,160.5433775403599,100,0.08,degree_centrality,powerlaw_cluster_4_0.7,0.3
127,4.790942286207409,47.708708711179675,"normal_[0, 1]",285.0,37.61628292160745,100,0.05,degree_centrality,powerlaw_cluster_4_0.7,0.3
128,4.096245750920415,97.02990855006195,"normal_[0, 1]",262.5,144.05551095709814,100,0.05,degree_centrality,powerlaw_cluster_4_0.7,0.3
129,4.193361596910637,96.14870034493809,"normal_[0, 1]",269.5,131.47972213283168,100,0.05,degree_centrality,powerlaw_cluster_4_0.7,0.3
130,4.107553983346127,107.67617963994759,"normal_[0, 1]",326.5,130.18007598910685,100,0.06,degree_centrality,powerlaw_cluster_4_0.7,0.3
131,4.165875017606913,93.16580649063505,"normal_[0, 1]",396.0,83.03314679166651,100,0.07,degree_centrality,powerlaw_cluster_4_0.7,0.3
132,3.056744630048408,100.05740349125891,"normal_[0, 1]",506.5,131.0491657756928,100,0.1,degree_centrality,powerlaw_cluster_4_0.7,0.3
133,5.31080999416553,230.234165966734,"normal_[0, 1]",558.2453786973283,223.4636249220029,100,0.11,degree_centrality,powerlaw_cluster_4_0.7,0.3
134,4.1320971878374735,45.21831790755254,"normal_[0, 1]",377.0,45.204852196977555,100,0.06,degree_centrality,powerlaw_cluster_4_0.7,0.3
135,3.4376957909471453,249.25142237539757,"normal_[0, 1]",400.0,171.6961479773208,100,0.09,degree_centrality,powerlaw_cluster_4_0.7,0.3
136,4.321495039611818,172.21739025149571,"normal_[0, 1]",292.0,169.4143882615221,100,0.06,degree_centrality,powerlaw_cluster_4_0.7,0.3
137,4.1262567956945855,100.72547182356372,"normal_[0, 1]",317.5,124.57913773632649,100,0.06,degree_centrality,powerlaw_cluster_4_0.7,0.3
138,4.875716915447769,122.59670064526523,"normal_[0, 1]",377.5,139.37512092667518,100,0.07,degree_centrality,powerlaw_cluster_4_0.7,0.3
139,5.548137927202898,176.48134723819012,"normal_[0, 1]",556.5,156.6446578763666,100,0.1,degree_centrality,powerlaw_cluster_4_0.7,0.3
140,4.5070505642646825,67.52989123346616,"normal_[0, 1]",468.0,42.522996802897076,100,0.08,degree_centrality,powerlaw_cluster_4_0.7,0.3
141,3.7059393716085873,198.81649091235505,"normal_[0, 1]",450.0,150.172737167902,100,0.09,degree_centrality,powerlaw_cluster_4_0.7,0.3
142,3.7237054974140666,87.55508716428942,"normal_[0, 1]",515.5,112.486251927541,100,0.09,degree_centrality,powerlaw_cluster_4_0.7,0.3
143,3.2266251252940084,34.770695082222296,"normal_[0, 1]",430.0,30.672767256131912,100,0.07,degree_centrality,powerlaw_cluster_4_0.7,0.3
144,4.3469002278287014,76.116630315428,"normal_[0, 1]",331.0,61.2372800066509,100,0.06,degree_centrality,powerlaw_cluster_4_0.7,0.3
145,4.274906672493927,128.36513878051764,"normal_[0, 1]",429.5,112.21468207018776,100,0.08,degree_centrality,powerlaw_cluster_4_0.7,0.3
146,3.3502363011611043,83.72211231523927,"normal_[0, 1]",329.5,148.150671765262,100,0.06,degree_centrality,powerlaw_cluster_4_0.7,0.3
147,4.630704060305762,133.36564048286272,"normal_[0, 1]",233.5,144.4089390580082,100,0.05,degree_centrality,powerlaw_cluster_4_0.7,0.3
148,4.510112706492189,228.0119596866128,"normal_[0, 1]",449.5,161.92864906686782,100,0.09,degree_centrality,powerlaw_cluster_4_0.7,0.3
149,3.8377130201750953,105.46755034580332,"normal_[0, 1]",420.5,89.71587081228162,100,0.08,degree_centrality,powerlaw_cluster_4_0.7,0.3
150,4.642336615528255,19.950442414961874,"normal_[0, 1]",178.0,11.2727336090746,100,0.03,degree_centrality,powerlaw_cluster_4_0.7,0.6
151,4.400661284101344,113.91069437832228,"normal_[0, 1]",444.0,105.71144849153477,100,0.08,degree_centrality,powerlaw_cluster_4_0.7,0.6
152,4.932345886681562,273.8751394188071,"normal_[0, 1]",300.5,215.5023303036504,100,0.07,degree_centrality,powerlaw_cluster_4_0.7,0.6
153,3.140412417980364,47.94719487494173,"normal_[0, 1]",290.0,48.548249928231776,100,0.05,degree_centrality,powerlaw_cluster_4_0.7,0.6
154,3.909078089572272,89.92656529877992,"normal_[0, 1]",569.0,74.61300556021999,100,0.1,degree_centrality,powerlaw_cluster_4_0.7,0.6
155,3.540723159293254,138.09116710990565,"normal_[0, 1]",204.5,145.6850040415149,100,0.04,degree_centrality,powerlaw_cluster_4_0.7,0.6
156,4.452851442105045,125.07448102532246,"normal_[0, 1]",244.5,129.1151254929912,100,0.05,degree_centrality,powerlaw_cluster_4_0.7,0.6
157,3.861325904813177,72.7338486946733,"normal_[0, 1]",461.5,66.64269061516498,100,0.08,degree_centrality,powerlaw_cluster_4_0.7,0.6
158,4.787809786708588,118.5351855650586,"normal_[0, 1]",229.0,84.41685892528504,100,0.05,degree_centrality,powerlaw_cluster_4_0.7,0.6
159,4.0806350921117085,115.97503940482105,"normal_[0, 1]",299.0,78.76437940354789,100,0.06,degree_centrality,powerlaw_cluster_4_0.7,0.6
160,3.5187357577362315,143.3070601200371,"normal_[0, 1]",507.0,113.97611432546843,100,0.1,degree_centrality,powerlaw_cluster_4_0.7,0.6
161,4.1245138609872125,216.6653596422057,"normal_[0, 1]",321.5,171.11199721551102,100,0.07,degree_centrality,powerlaw_cluster_4_0.7,0.6
162,4.677144909954162,112.99946216424816,"normal_[0, 1]",279.0,116.05716845608484,100,0.05,degree_centrality,powerlaw_cluster_4_0.7,0.6
163,4.2658251721669265,96.10009494578523,"normal_[0, 1]",426.5,87.00225083288744,100,0.08,degree_centrality,powerlaw_cluster_4_0.7,0.6
164,3.895209496260666,94.56435043005017,"normal_[0, 1]",458.0,88.81476855663239,100,0.08,degree_centrality,powerlaw_cluster_4_0.7,0.6
165,3.7995684077923073,88.61698197620348,"normal_[0, 1]",515.0,64.07663502055988,100,0.09,degree_centrality,powerlaw_cluster_4_0.7,0.6
166,3.8284598854719913,121.13424561269908,"normal_[0, 1]",529.5,140.26922717955912,100,0.1,degree_centrality,powerlaw_cluster_4_0.7,0.6
167,4.173339200107367,54.720827369534504,"normal_[0, 1]",347.0,63.96105666929719,100,0.06,degree_centrality,powerlaw_cluster_4_0.7,0.6
168,4.861114921638199,220.30264729728086,"normal_[0, 1]",427.0,171.29906070467752,100,0.09,degree_centrality,powerlaw_cluster_4_0.7,0.6
169,2.6462005890981097,105.5033043352715,"normal_[0, 1]",359.0,122.60813913107857,100,0.07,degree_centrality,powerlaw_cluster_4_0.7,0.6
170,4.746821956312963,61.15285388187228,"normal_[0, 1]",330.0,43.74171636248105,100,0.06,degree_centrality,powerlaw_cluster_4_0.7,0.6
171,3.1835049186859665,129.70627716557829,"normal_[0, 1]",720.0,84.38994998940228,100,0.14,degree_centrality,powerlaw_cluster_4_0.7,0.6
172,3.877740971436353,91.8015294984397,"normal_[0, 1]",316.0,151.10278807396662,100,0.06,degree_centrality,powerlaw_cluster_4_0.7,0.6
173,3.235436912483114,41.342381603438334,"normal_[0, 1]",259.5,48.712134765391816,100,0.05,degree_centrality,powerlaw_cluster_4_0.7,0.6
174,4.450026268760183,88.66204799134714,"normal_[0, 1]",359.5,129.91936726441168,100,0.06,degree_centrality,powerlaw_cluster_4_0.7,0.6
175,4.000597434283579,173.69331044721332,"normal_[0, 1]",444.0,142.44640155032138,100,0.09,degree_centrality,powerlaw_cluster_4_0.7,0.6
176,4.767969288185767,57.02911462273557,"normal_[0, 1]",175.0,61.90304753401546,100,0.03,degree_centrality,powerlaw_cluster_4_0.7,0.6
177,4.123684007196207,179.35645481668138,"normal_[0, 1]",429.0,136.6363423548673,100,0.09,degree_centrality,powerlaw_cluster_4_0.7,0.6
178,5.158075998020804,179.37641896046006,"normal_[0, 1]",533.1905298045,178.59961776515945,100,0.1,degree_centrality,powerlaw_cluster_4_0.7,0.6
179,4.317687578794621,118.40903775306538,"normal_[0, 1]",451.5,125.81610274239608,100,0.08,degree_centrality,powerlaw_cluster_4_0.7,0.6
180,2.778483351483208,85.42903665845805,"normal_[0, 1]",487.0,111.4286713100768,100,0.09,degree_centrality,powerlaw_cluster_4_0.7,0.6
181,2.9432846922548155,109.82867865797428,"normal_[0, 1]",235.0,139.1906331111893,100,0.05,degree_centrality,powerlaw_cluster_4_0.7,0.6
182,4.290278214647744,207.90093346386752,"normal_[0, 1]",273.5,185.1486564301822,100,0.06,degree_centrality,powerlaw_cluster_4_0.7,0.6
183,4.912630793907947,137.68290932786115,"normal_[0, 1]",437.5,132.7382970791331,100,0.08,degree_centrality,powerlaw_cluster_4_0.7,0.6
184,3.6785336718432338,183.74367936847028,"normal_[0, 1]",272.0,185.50041751772858,100,0.06,degree_centrality,powerlaw_cluster_4_0.7,0.6
185,4.455073285891037,66.91161070425962,"normal_[0, 1]",410.0,56.8333899557526,100,0.07,degree_centrality,powerlaw_cluster_4_0.7,0.6
186,3.1297704578710643,93.17944115878588,"normal_[0, 1]",282.0,123.33606945441738,100,0.06,degree_centrality,powerlaw_cluster_4_0.7,0.6
187,4.536697666093528,73.35986893355427,"normal_[0, 1]",414.0,71.52436468880032,100,0.07,degree_centrality,powerlaw_cluster_4_0.7,0.6
188,4.9013288835649185,128.48199699058287,"normal_[0, 1]",284.5,174.23745881141448,100,0.05,degree_centrality,powerlaw_cluster_4_0.7,0.6
189,3.9191559892331167,201.8580160888668,"normal_[0, 1]",367.5,150.40118848563975,100,0.08,degree_centrality,powerlaw_cluster_4_0.7,0.6
190,3.9363871531645223,117.70110636777224,"normal_[0, 1]",205.5,181.20946951822745,100,0.04,degree_centrality,powerlaw_cluster_4_0.7,0.6
191,4.086322597141551,160.87760475592464,"normal_[0, 1]",359.0,163.14693885278888,100,0.07,degree_centrality,powerlaw_cluster_4_0.7,0.6
192,6.722159391750008,177.8810903926328,"normal_[0, 1]",492.0,123.82979609792292,100,0.09,degree_centrality,powerlaw_cluster_4_0.7,0.6
193,3.476097095673294,92.10534707857832,"normal_[0, 1]",548.5,67.65989327211086,100,0.1,degree_centrality,powerlaw_cluster_4_0.7,0.6
194,4.397464889358616,47.93837225459686,"normal_[0, 1]",208.0,39.589274043910926,100,0.04,degree_centrality,powerlaw_cluster_4_0.7,0.6
195,3.1980200549246223,98.72392141254427,"normal_[0, 1]",583.5,83.68896783029528,100,0.11,degree_centrality,powerlaw_cluster_4_0.7,0.6
196,4.44712320580706,30.314049000503715,"normal_[0, 1]",152.0,28.45518706413764,100,0.03,degree_centrality,powerlaw_cluster_4_0.7,0.6
197,3.6854676703737694,97.00263469073592,"normal_[0, 1]",471.5,107.11973704728952,100,0.08,degree_centrality,powerlaw_cluster_4_0.7,0.6
198,5.209753226847201,191.5382639320184,"normal_[0, 1]",205.5,190.73414899409332,100,0.04,degree_centrality,powerlaw_cluster_4_0.7,0.6
199,5.614743541734906,151.01443640952587,"normal_[0, 1]",174.1508830075,190.70182030745568,100,0.04,degree_centrality,powerlaw_cluster_4_0.7,0.6
200,3.512277906182854,93.896913482169,"normal_[0, 1]",268.5,113.64907799784164,100,0.05,degree_centrality,powerlaw_cluster_4_0.7,0.8
201,3.9174530215107364,23.54613165237025,"normal_[0, 1]",302.0,10.369864997193668,100,0.05,degree_centrality,powerlaw_cluster_4_0.7,0.8
202,3.6903568305256833,233.40106916310845,"normal_[0, 1]",361.0,153.21108299484996,100,0.08,degree_centrality,powerlaw_cluster_4_0.7,0.8
203,4.31136757422279,72.44202098851791,"normal_[0, 1]",176.0,87.00749591709983,100,0.03,degree_centrality,powerlaw_cluster_4_0.7,0.8
204,3.4484279363875205,155.02112822405215,"normal_[0, 1]",373.5,162.28580709410602,100,0.08,degree_centrality,powerlaw_cluster_4_0.7,0.8
205,4.498696314904708,118.12770672705805,"normal_[0, 1]",206.5,162.24028411226556,100,0.04,degree_centrality,powerlaw_cluster_4_0.7,0.8
206,4.597422293469412,222.7017673199739,"normal_[0, 1]",394.5,171.2339988203935,100,0.08,degree_centrality,powerlaw_cluster_4_0.7,0.8
207,4.184520781459929,52.66058680955349,"normal_[0, 1]",300.0,40.3160042162588,100,0.05,degree_centrality,powerlaw_cluster_4_0.7,0.8
208,3.969082836568399,125.39177953668478,"normal_[0, 1]",612.5,98.93459017862169,100,0.11,degree_centrality,powerlaw_cluster_4_0.7,0.8
209,4.8201573219030855,32.76522609078411,"normal_[0, 1]",254.0,25.358359038561755,100,0.04,degree_centrality,powerlaw_cluster_4_0.7,0.8
210,3.7970276652022448,209.83917538556918,"normal_[0, 1]",273.5,200.19157826657928,100,0.06,degree_centrality,powerlaw_cluster_4_0.7,0.8
211,3.311801800780145,107.33850197522646,"normal_[0, 1]",490.0,126.40169218593455,100,0.09,degree_centrality,powerlaw_cluster_4_0.7,0.8
212,5.017393059382496,166.32465258245958,"normal_[0, 1]",416.5,160.53344836403437,100,0.08,degree_centrality,powerlaw_cluster_4_0.7,0.8
213,3.8554660582491436,108.1751846611237,"normal_[0, 1]",443.0,99.6201664941822,100,0.08,degree_centrality,powerlaw_cluster_4_0.7,0.8
214,4.4472126610736415,114.34432790649484,"normal_[0, 1]",397.5,122.19383766337795,100,0.08,degree_centrality,powerlaw_cluster_4_0.7,0.8
215,3.083143619526904,99.54888053486201,"normal_[0, 1]",142.0,157.27684640331586,100,0.04,degree_centrality,powerlaw_cluster_4_0.7,0.8
216,4.438995994414039,214.9727715607512,"normal_[0, 1]",330.0,181.82078059295398,100,0.07,degree_centrality,powerlaw_cluster_4_0.7,0.8
217,3.8038478857264817,167.86591727085676,"normal_[0, 1]",556.0,133.03609788924678,100,0.11,degree_centrality,powerlaw_cluster_4_0.7,0.8
218,4.402515129646415,138.39234403624343,"normal_[0, 1]",322.5,153.14812110908932,100,0.06,degree_centrality,powerlaw_cluster_4_0.7,0.8
219,4.825451968320566,107.29408932020814,"normal_[0, 1]",272.5,149.59343251579799,100,0.05,degree_centrality,powerlaw_cluster_4_0.7,0.8
220,2.192445816244935,27.197085543969745,"normal_[0, 1]",234.5,32.19124292255894,100,0.05,degree_centrality,powerlaw_cluster_4_0.7,0.8
221,2.869174539562312,49.166249051334326,"normal_[0, 1]",353.5,64.79044309311782,100,0.07,degree_centrality,powerlaw_cluster_4_0.7,0.8
222,3.9592038851410383,13.914123831880973,"normal_[0, 1]",171.0,5.45779649718076,100,0.03,degree_centrality,powerlaw_cluster_4_0.7,0.8
223,4.759669296540486,101.69143819125769,"normal_[0, 1]",376.0,79.70761545941957,100,0.07,degree_centrality,powerlaw_cluster_4_0.7,0.8
224,4.233636117095905,242.6530650818076,"normal_[0, 1]",340.5,168.58184707397706,100,0.08,degree_centrality,powerlaw_cluster_4_0.7,0.8
225,3.955915458386925,194.91943197664452,"normal_[0, 1]",213.0,182.89094856642402,100,0.04,degree_centrality,powerlaw_cluster_4_0.7,0.8
226,3.845820259573258,125.22559245828465,"normal_[0, 1]",410.5,117.38330413330452,100,0.08,degree_centrality,powerlaw_cluster_4_0.7,0.8
227,3.5800338186249023,100.48144159566343,"normal_[0, 1]",253.5,112.92772100030324,100,0.05,degree_centrality,powerlaw_cluster_4_0.7,0.8
228,3.9260759055249683,122.36533317020006,"normal_[0, 1]",322.5,99.07075873130094,100,0.07,degree_centrality,powerlaw_cluster_4_0.7,0.8
229,3.9056886177760153,89.38310567168297,"normal_[0, 1]",299.5,102.20210618818321,100,0.06,degree_centrality,powerlaw_cluster_4_0.7,0.8
230,3.2532386025298967,88.24443448343241,"normal_[0, 1]",422.5,102.29491084766329,100,0.08,degree_centrality,powerlaw_cluster_4_0.7,0.8
231,4.215991957340883,66.34476646848736,"normal_[0, 1]",470.0,58.34078021642593,100,0.08,degree_centrality,powerlaw_cluster_4_0.7,0.8
232,4.1772974110070695,93.44027387674473,"normal_[0, 1]",308.0,75.37426069412244,100,0.06,degree_centrality,powerlaw_cluster_4_0.7,0.8
233,2.9055846062894144,51.320315102711,"normal_[0, 1]",354.0,61.90405774477706,100,0.06,degree_centrality,powerlaw_cluster_4_0.7,0.8
234,3.9490989070030316,95.37528326797104,"normal_[0, 1]",278.5,152.59318038140842,100,0.05,degree_centrality,powerlaw_cluster_4_0.7,0.8
235,3.2478751230831824,193.22544912173615,"normal_[0, 1]",368.0,180.24593895606202,100,0.08,degree_centrality,powerlaw_cluster_4_0.7,0.8
236,3.8957956579884137,31.642501393794603,"normal_[0, 1]",300.0,22.514758194124227,100,0.05,degree_centrality,powerlaw_cluster_4_0.7,0.8
237,3.221237352354665,106.45525140388278,"normal_[0, 1]",637.3163459794919,102.1469596241535,100,0.12,degree_centrality,powerlaw_cluster_4_0.7,0.8
238,3.3183651844512227,153.6702713341164,"normal_[0, 1]",450.0,147.70189427903082,100,0.09,degree_centrality,powerlaw_cluster_4_0.7,0.8
239,4.695746864704972,129.05031455926942,"normal_[0, 1]",609.5,114.72907952292117,100,0.11,degree_centrality,powerlaw_cluster_4_0.7,0.8
240,4.650548183017792,41.23618547667204,"normal_[0, 1]",433.0,17.06669696447,100,0.07,degree_centrality,powerlaw_cluster_4_0.7,0.8
241,3.889703500914564,121.30519098815329,"normal_[0, 1]",461.5,116.4312261397093,100,0.08,degree_centrality,powerlaw_cluster_4_0.7,0.8
242,4.30755534951846,294.52176980642514,"normal_[0, 1]",225.0,192.33712769498229,100,0.06,degree_centrality,powerlaw_cluster_4_0.7,0.8
243,4.349406896147583,96.94124634769621,"normal_[0, 1]",394.5,129.93182344825323,100,0.07,degree_centrality,powerlaw_cluster_4_0.7,0.8
244,4.539353634434307,167.76674475193832,"normal_[0, 1]",506.91676894503235,145.50549127655373,100,0.1,degree_centrality,powerlaw_cluster_4_0.7,0.8
245,4.853208224578878,91.91561034939384,"normal_[0, 1]",333.0,55.6641879501295,100,0.06,degree_centrality,powerlaw_cluster_4_0.7,0.8
246,3.9147689864628754,120.43388546499158,"normal_[0, 1]",430.5,123.49722006192964,100,0.08,degree_centrality,powerlaw_cluster_4_0.7,0.8
247,3.582348361821884,64.56183875692606,"normal_[0, 1]",439.5,70.30699714775317,100,0.08,degree_centrality,powerlaw_cluster_4_0.7,0.8
248,4.781610128483323,125.47322314675344,"normal_[0, 1]",223.5,164.22769926717294,100,0.04,degree_centrality,powerlaw_cluster_4_0.7,0.8
249,2.9077698941560084,82.4081260189337,"normal_[0, 1]",555.0,87.9020032032131,100,0.1,degree_centrality,powerlaw_cluster_4_0.7,0.8
250,4.088972411391564,113.2954260270414,"normal_[0, 1]",431.5,114.63200260762079,100,0.08,degree_centrality,powerlaw_cluster_4_0.7,1.0
251,4.224675793760581,109.4405609973406,"normal_[0, 1]",413.5,124.38991677101835,100,0.07,degree_centrality,powerlaw_cluster_4_0.7,1.0
252,4.0665439155515894,165.01991972836217,"normal_[0, 1]",299.0,151.00002262553713,100,0.06,degree_centrality,powerlaw_cluster_4_0.7,1.0
253,4.191427166474502,88.55210329246714,"normal_[0, 1]",268.0,78.2893467618538,100,0.05,degree_centrality,powerlaw_cluster_4_0.7,1.0
254,4.151495538189174,110.13895907107491,"normal_[0, 1]",325.0,87.47983238665863,100,0.06,degree_centrality,powerlaw_cluster_4_0.7,1.0
255,5.1363988594795,56.71301583945606,"normal_[0, 1]",238.0,63.76230121118564,100,0.04,degree_centrality,powerlaw_cluster_4_0.7,1.0
256,4.160537456132544,35.676458030818075,"normal_[0, 1]",139.0,34.29828801389655,100,0.03,degree_centrality,powerlaw_cluster_4_0.7,1.0
257,3.914764038668236,179.84851865840162,"normal_[0, 1]",430.5,141.203109294025,100,0.09,degree_centrality,powerlaw_cluster_4_0.7,1.0
258,2.708216612557037,81.9649987379753,"normal_[0, 1]",289.0,146.50150792374006,100,0.07,degree_centrality,powerlaw_cluster_4_0.7,1.0
259,3.679568257799152,46.00894080327262,"normal_[0, 1]",271.0,39.487731612352775,100,0.05,degree_centrality,powerlaw_cluster_4_0.7,1.0
260,4.349440093014452,96.25383558525185,"normal_[0, 1]",387.5,119.6792356042233,100,0.07,degree_centrality,powerlaw_cluster_4_0.7,1.0
261,3.5553145840815685,192.95730505767827,"normal_[0, 1]",342.0,164.85803844770055,100,0.08,degree_centrality,powerlaw_cluster_4_0.7,1.0
262,4.480337758114315,51.678195866051986,"normal_[0, 1]",319.0,45.34079235899526,100,0.06,degree_centrality,powerlaw_cluster_4_0.7,1.0
263,3.83347698657242,130.73698190197555,"normal_[0, 1]",656.0,106.98227693914195,100,0.12,degree_centrality,powerlaw_cluster_4_0.7,1.0
264,3.5145567465154763,98.65523492960978,"normal_[0, 1]",287.5,98.47025510765309,100,0.06,degree_centrality,powerlaw_cluster_4_0.7,1.0
265,4.49063796093082,121.22126134543598,"normal_[0, 1]",386.5,128.5737102153577,100,0.07,degree_centrality,powerlaw_cluster_4_0.7,1.0
266,4.318440246963314,155.8023697105223,"normal_[0, 1]",439.0,147.119992711999,100,0.08,degree_centrality,powerlaw_cluster_4_0.7,1.0
267,3.013136891988115,100.20610871059651,"normal_[0, 1]",599.0,121.78811577727613,100,0.11,degree_centrality,powerlaw_cluster_4_0.7,1.0
268,4.263872193011442,173.6299068306181,"normal_[0, 1]",251.0,174.39129863368703,100,0.05,degree_centrality,powerlaw_cluster_4_0.7,1.0
269,3.7713738564570334,51.754085683855934,"normal_[0, 1]",312.0,64.11208524886254,100,0.05,degree_centrality,powerlaw_cluster_4_0.7,1.0
270,4.2789642273581725,135.6666395644878,"normal_[0, 1]",430.492522648663,122.96619815584631,100,0.09,degree_centrality,powerlaw_cluster_4_0.7,1.0
271,4.816345322907228,167.18121553725868,"normal_[0, 1]",464.79140489625297,154.4271318266116,100,0.09,degree_centrality,powerlaw_cluster_4_0.7,1.0
272,2.612444846458946,146.6172299246897,"normal_[0, 1]",301.5,149.8751445355559,100,0.07,degree_centrality,powerlaw_cluster_4_0.7,1.0
273,4.022452153286968,125.5867860081507,"normal_[0, 1]",470.0,75.57481653052433,100,0.09,degree_centrality,powerlaw_cluster_4_0.7,1.0
274,4.928501787394547,125.1631815804652,"normal_[0, 1]",387.5,142.91846504379401,100,0.07,degree_centrality,powerlaw_cluster_4_0.7,1.0
275,4.771096074284802,176.14898972657107,"normal_[0, 1]",297.5,180.00643865144013,100,0.06,degree_centrality,powerlaw_cluster_4_0.7,1.0
276,2.6300027836198936,174.91613353337559,"normal_[0, 1]",352.5,180.0405726941841,100,0.08,degree_centrality,powerlaw_cluster_4_0.7,1.0
277,3.5157011415187487,102.98312050304493,"normal_[0, 1]",283.0,141.09148139287706,100,0.06,degree_centrality,powerlaw_cluster_4_0.7,1.0
278,3.6037758756544935,167.55773479759597,"normal_[0, 1]",467.5,169.3502238000135,100,0.09,degree_centrality,powerlaw_cluster_4_0.7,1.0
279,3.0241435723236845,154.11351502861257,"normal_[0, 1]",452.0,140.89933684738253,100,0.1,degree_centrality,powerlaw_cluster_4_0.7,1.0
280,3.3455572914190603,93.15672394099842,"normal_[0, 1]",413.5,126.84240502168119,100,0.07,degree_centrality,powerlaw_cluster_4_0.7,1.0
281,4.419818799264717,246.70930810780155,"normal_[0, 1]",331.0,194.56394285085452,100,0.07,degree_centrality,powerlaw_cluster_4_0.7,1.0
282,3.942021418396201,189.92826072700367,"normal_[0, 1]",302.5,175.86039616935315,100,0.06,degree_centrality,powerlaw_cluster_4_0.7,1.0
283,5.840436343849349,216.9948460274365,"normal_[0, 1]",336.5,179.54104024747002,100,0.07,degree_centrality,powerlaw_cluster_4_0.7,1.0
284,4.071519091474576,94.76665731842787,"normal_[0, 1]",338.5,114.52693439401408,100,0.06,degree_centrality,powerlaw_cluster_4_0.7,1.0
285,4.139705408346591,163.58247287435748,"normal_[0, 1]",653.3049999922014,148.2867074430774,100,0.13,degree_centrality,powerlaw_cluster_4_0.7,1.0
286,4.122671688912161,175.91335584409055,"normal_[0, 1]",558.0,143.38223366812667,100,0.11,degree_centrality,powerlaw_cluster_4_0.7,1.0
287,3.8158201784949326,147.6699030488903,"normal_[0, 1]",536.0,111.46327588276208,100,0.1,degree_centrality,powerlaw_cluster_4_0.7,1.0
288,3.505566581452563,111.996024960914,"normal_[0, 1]",106.5,139.16845205130414,100,0.03,degree_centrality,powerlaw_cluster_4_0.7,1.0
289,3.1984013242327816,87.28465359137907,"normal_[0, 1]",275.5,143.42654207196452,100,0.05,degree_centrality,powerlaw_cluster_4_0.7,1.0
290,4.437222433069143,111.0363438447204,"normal_[0, 1]",360.0,93.0266042071603,100,0.07,degree_centrality,powerlaw_cluster_4_0.7,1.0
291,3.864649773222845,180.71140643083226,"normal_[0, 1]",498.5,156.40401493457676,100,0.1,degree_centrality,powerlaw_cluster_4_0.7,1.0
292,5.3831201594288585,252.41803449397625,"normal_[0, 1]",209.0,238.4346407130156,100,0.04,degree_centrality,powerlaw_cluster_4_0.7,1.0
293,5.062962825688252,107.95484265671008,"normal_[0, 1]",407.5,154.11308903693782,100,0.07,degree_centrality,powerlaw_cluster_4_0.7,1.0
294,4.221635762435616,149.82773002482617,"normal_[0, 1]",547.5,110.99604606657371,100,0.1,degree_centrality,powerlaw_cluster_4_0.7,1.0
295,4.566544000255517,72.58188608859588,"normal_[0, 1]",471.0,68.67427493070343,100,0.08,degree_centrality,powerlaw_cluster_4_0.7,1.0
296,3.941733429290813,88.00426508098946,"normal_[0, 1]",431.0,120.60973796849702,100,0.08,degree_centrality,powerlaw_cluster_4_0.7,1.0
297,3.8618543038860267,263.200914121509,"normal_[0, 1]",303.5,164.36831038592808,100,0.07,degree_centrality,powerlaw_cluster_4_0.7,1.0
298,3.908362279052121,111.04399693807186,"normal_[0, 1]",328.5,128.5405380499041,100,0.06,degree_centrality,powerlaw_cluster_4_0.7,1.0
299,4.638494264287155,123.53574631261131,"normal_[0, 1]",213.5,173.9625895936671,100,0.04,degree_centrality,powerlaw_cluster_4_0.7,1.0
